"ID","Original","Converted"
"A1A2__Everyday_Situations__001","Set the scene: a friend is visiting the student's town on Saturday and likes food and outdoor activities but dislikes museums. Ask them to choose a morning activity, a lunch place, and an afternoon activity, then have them explain where they'd go, what they'd do, and why their friend would like it.",""
"A1A2__Everyday_Situations__002","Explain that the student's friend always has a bad morning and needs a better routine. Encourage the student to choose solutions for waking up late, forgetting things, and having no breakfast, then have them say what their friend should do first, what they can change, and why it helps.",""
"A1A2__Everyday_Situations__003","Tell the student their friend is visiting and doesn't eat meat or like spicy food. Ask them to plan a meal, a drink, and something extra, then find out what they'd prepare and why they chose it.",""
"A1A2__Everyday_Situations__004","Present a change of plan: the student had a day outside planned, but now it's raining. Invite them to choose a new activity at home, a food or drink, and something fun to do, then have them explain their new plan and why it's better.",""
"A1A2__Everyday_Situations__005","Set up a situation where a visitor is new in the student's town and needs help getting somewhere. Ask the student to choose a destination, transport, and route, then find out where the visitor goes, how they get there, and what they need.",""
"A1A2__Everyday_Situations__006","Explain that the student is organising a party for five friends on a small budget. Have them choose a place, food, and activities, then discuss their plan and why they chose these things.",""
"A1A2__Everyday_Situations__007","Tell the student they need to buy a birthday present for a friend with €20. Ask them to choose a present, a shop, and a reason, then find out what they'd buy and why their friend would like it.",""
"A1A2__Everyday_Situations__008","Explain that the student's friend feels tired every day and needs a better routine. Encourage them to choose a food change, an activity, and a sleep habit, then have them say what their friend should do and why it helps.",""
"A1A2__Everyday_Situations__009","Set up a two-day trip with only a small bag to pack. Ask the student to choose three things to pack, transport, and one activity, then find out what they'd take and why these things matter.",""
"A1A2__Everyday_Situations__010","Explain that a new student has started at the school and needs to feel comfortable. Ask the student to explain important places, useful things to know, and advice for the first day.",""
"A1A2__Everyday_Situations__011","Tell the student their friend is moving to a new apartment and needs help choosing the best place. Ask them to choose a location, rooms, and important features, then discuss why the apartment is good and what their friend can do there.",""
"A1A2__Everyday_Situations__012","Explain that the student's friend wants to spend one day without their phone. Invite the student to create the plan by choosing a morning, afternoon, and evening activity, then have them explain what their friend would do and why it's a good idea.",""
"A1A2__Everyday_Situations__013","Tell the student their friend starts a new job tomorrow and needs help. Ask them to explain what their friend needs, what they do in the morning, and what they take with them.",""
"A1A2__Everyday_Situations__014","Set up a scenario where the student is choosing a restaurant for three friends with different needs — one vegetarian, one on a budget, one who loves desserts. Ask them where they'd go, what each person would eat, and why.",""
"A1A2__Everyday_Situations__015","Explain that the student wants a fun weekend but doesn't have much money. Ask them to choose an activity, food, and transport, then find out their plan and how they save money.",""
"A1A2__Everyday_Situations__016","Set up a situation where a tourist is visiting the student's town and needs help. Ask the student to explain where the tourist should go, what they should see, and how they should travel.",""
"A1A2__Everyday_Situations__017","Tell the student they have an important day tomorrow — a birthday, first day at school, or meeting new people. Ask them to choose one and plan their clothes, food, and preparation, then have them explain what they'll do and why.",""
"A1A2__Everyday_Situations__018","Explain that there's a problem at the student's home — no internet, a broken light, or no hot water. Ask them to choose one and tell you what the problem is, what they do about it, and who helps.",""
"A1A2__Everyday_Situations__019","Explain that the student is shopping for food for one week. Ask them to choose breakfast, lunch, and dinner food, then find out what they'd buy and why.",""
"A1A2__Everyday_Situations__020","Tell the student their friend wants to improve their English and needs a simple plan. Ask them to choose a practice activity, time of day, and place, then have them explain what their friend would do and why it helps.",""
"A1A2__Describe__001","Ask the student to describe their bedroom, covering the furniture, the colours, and their favourite thing in it.",""
"A1A2__Describe__002","Explore the student's kitchen at home — ask what's there, where things are, and what they use every day.",""
"A1A2__Describe__003","Have the student describe a park near their home, covering what's there, what people do, and what they like about it.",""
"A1A2__Describe__004","Ask the student to describe their classroom — the furniture, what's on the walls, and where they sit.",""
"A1A2__Describe__005","Find out about the student's favourite shop: what it sells, what it looks like, and why they like it.",""
"A1A2__Describe__006","Invite the student to describe their school bag, covering what's inside, what they use every day, and one unusual item.",""
"A1A2__Describe__007","Ask the student to describe their fridge at home — what's inside, what they eat every day, and something they don't like.",""
"A1A2__Describe__008","Explore the student's desk or study space: what's on it, what they keep near them, and what they use most.",""
"A1A2__Describe__009","Have the student describe their wardrobe or cupboard — what's inside, their favourite clothes, and something they never wear.",""
"A1A2__Describe__010","Ask the student to describe their pencil case, covering what's inside, what they use every day, and their favourite pen or pencil.",""
"A1A2__Describe__011","Encourage the student to compare their home and their school — what's similar, what's different, and where they prefer to be.",""
"A1A2__Describe__012","Invite the student to compare their summer clothes and winter clothes — what they wear, the colours, and what they prefer.",""
"A1A2__Describe__013","Ask the student to compare their bedroom now with their bedroom as a child — what's different, what's the same, and what they miss.",""
"A1A2__Describe__014","Discuss a weekday versus a weekend with the student — what they do, what they eat, and how they feel.",""
"A1A2__Describe__015","Have the student compare their house and a friend's house — size, rooms, and what they like about each.",""
"A1A2__Describe__016","Ask the student to describe their favourite jacket — what it looks like, where they got it, and when they wear it.",""
"A1A2__Describe__017","Find out about the student's favourite mug or cup — what it looks like, where they got it, and why they like it.",""
"A1A2__Describe__018","Invite the student to describe their favourite gadget — what it looks like, what they use it for, and how often they use it.",""
"A1A2__Describe__019","Ask the student to describe their favourite book or comic — what it looks like, what it's about, and why they like it.",""
"A1A2__Describe__020","Explore the student's favourite pair of shoes — what they look like, where they got them, and when they wear them.",""
"A1A2__Describe__021","Have the student describe a photo or picture in their home — what's in it, where it is, and why they keep it.",""
"A1A2__Describe__022","Ask the student to describe their phone case, covering the colour, the design, and why they chose it.",""
"A1A2__Describe__023","Invite the student to describe a plant in their home or garden — what it looks like, where it is, and who looks after it.",""
"A1A2__Describe__024","Explore an object on the student's desk right now — what it looks like, what's next to it, and what they use it for.",""
"A1A2__Describe__025","Ask the student to describe a poster or picture on their wall — what colour it is, what's in it, and why they have it.",""
"A1A2__Describe__026","Turn it into a guessing game: ask the student to describe an animal without saying its name, covering what it looks like, where it lives, and what it eats, then try to guess it.",""
"A1A2__Describe__027","Play a guessing game: invite the student to describe a job without saying its name, covering what the person wears, where they work, and what they do, then try to guess it.",""
"A1A2__Describe__028","Set up a guessing game: ask the student to describe a food without saying its name, covering its colour, how it tastes, and when they eat it, then try to guess it.",""
"A1A2__Describe__029","Try a guessing game: have the student describe a place in town without saying its name, covering what you can do there, what's inside, and who goes there, then guess what it is.",""
"A1A2__Describe__030","Close with a guessing game: invite the student to describe an object in the kitchen without saying its name, covering what it looks like, what it's used for, and where it's kept, then try to guess it.",""
"A1A2__Explain_and_Show__001","Ask the student to teach you how to make their favourite drink — coffee, tea, juice, or a smoothie. Find out what you need, what to do first, and what happens next.",""
"A1A2__Explain_and_Show__002","Have the student show you their morning routine. Ask what time they wake up, what they do first, and what they do before leaving home.",""
"A1A2__Explain_and_Show__003","Invite the student to teach you how to use their favourite app — a messaging app, a video app, a game, or a music app. Find out what it's for, what you can do with it, and what you should try first.",""
"A1A2__Explain_and_Show__004","Ask the student to teach a visitor how to get around their town — to a restaurant, shop, park, or station. Have them show you how to get there, what transport to use, and what you need to know.",""
"A1A2__Explain_and_Show__005","Have the student teach you a simple recipe — a sandwich, salad, breakfast, or dessert. Ask what ingredients you need, what to do first, and how to finish.",""
"A1A2__Explain_and_Show__006","Ask the student to show you how they prepare for work or school. Find out what they prepare, what they take with them, and what they do before leaving.",""
"A1A2__Explain_and_Show__007","Invite the student to teach you a hobby — a sport, game, craft, or activity. Ask what you'd need, how to start, and what to do next.",""
"A1A2__Explain_and_Show__008","Have the student show you how to have a good weekend by creating a plan. Ask what they do on Saturday, what they do on Sunday, and what the best part is.",""
"A1A2__Explain_and_Show__009","Ask the student to teach you how to buy something in their country — food, clothes, a ticket, or a gift. Find out where to go, what to say, and what happens.",""
"A1A2__Explain_and_Show__010","Invite the student to show you how they relax after a busy day by creating their routine. Ask what they do first, what they do next, and what makes them feel good.",""
"A1A2__Explain_and_Show__011","Ask the student to teach you how to look after something — a plant, a pet, a bike, or a phone. Find out what it needs, what they do, and how often.",""
"A1A2__Explain_and_Show__012","Have the student show you how they get ready for a trip. Ask what they pack, what they check, and what they do before leaving.",""
"A1A2__Explain_and_Show__013","Ask the student to teach you how to celebrate a special day — a birthday, holiday, festival, or family event. Find out what happens, what food people have, and what people do.",""
"A1A2__Explain_and_Show__014","Invite the student to teach you how to set the table for a meal. Ask what you need, where everything goes, and what to do first.",""
"A1A2__Explain_and_Show__015","Have the student show you how to pack a bag for school or work. Ask what goes in first, what else they add, and what they check before leaving.",""
"A1A2__Explain_and_Show__016","Ask the student to teach you how to wash and dry laundry. Find out what they do first, what happens next, and how they finish.",""
"A1A2__Explain_and_Show__017","Invite the student to show you how to make a hot drink for a guest. Ask what they'd say to the guest, what they prepare, and how they serve it.",""
"A1A2__Explain_and_Show__018","Have the student teach you how to use public transport in their town — bus, train, tram, or taxi. Ask where to buy a ticket, how to know where to get on, and what to do on arrival.",""
"A1A2__Explain_and_Show__019","Ask the student to show you how to find their way to a new place — a friend's house, a shop, an office, or a school. Find out what to look for, which way to go, and how they know they've arrived.",""
"A1A2__Explain_and_Show__020","Invite the student to teach you how to cook eggs — fried, boiled, scrambled, or omelette. Ask what you need, what to do first, and how to know it's ready.",""
"A1A2__Explain_and_Show__021","Have the student show you how they organise their desk or bag. Ask what goes where, what they keep close, and why it's a good system.",""
"A1A2__Explain_and_Show__022","Ask the student to teach you how to plan a shopping trip. Find out what goes on their list, where they go first, and how they save time or money.",""
"A1A2__Explain_and_Show__023","Invite the student to show you how they charge and look after their phone. Ask when they charge it, what they check, and what they avoid.",""
"A1A2__Explain_and_Show__024","Have the student teach you a simple exercise routine — stretching, walking, a home workout, or yoga. Ask how they start, what they do next, and how they finish.",""
"A1A2__Explain_and_Show__025","Ask the student to show you how they make their bed. Find out what they do first, what they do next, and how they finish.",""
"A1A2__Explain_and_Show__026","Invite the student to teach you how to plan a birthday surprise for a friend. Ask what they prepare, who helps them, and what happens on the day.",""
"A1A2__Explain_and_Show__027","Have the student show you how they take care of their health every day. Ask what they eat or drink, what activity they do, and what helps them sleep well.",""
"A1A2__Explain_and_Show__028","Ask the student to teach you how to send a message or email politely. Find out how they start, what they write, and how they finish.",""
"A1A2__Explain_and_Show__029","Invite the student to show you how to prepare a simple picnic. Ask what food they bring, what else they pack, and where they go.",""
"A1A2__Explain_and_Show__030","Have the student teach you how to look after a house plant. Ask where they put it, how often they water it, and what else it needs.",""
"A1A2__Simple_Roleplay__001","Set up a roleplay where you're the café worker and the student is a customer. Their goal is to order a drink — coffee, tea, juice, or water — and a snack such as cake, a sandwich, or salad. Ask them what they'd like and whether they want anything else, then explore why they chose it and what they usually order.",""
"A1A2__Simple_Roleplay__002","Play the hotel receptionist while the student checks in for a holiday. Their goal is to get a room — single, double, or family — for one night, three nights, or one week. Find out who they're travelling with and what they need in the room.",""
"A1A2__Simple_Roleplay__003","Take the role of a shop assistant while the student looks for something to wear — a shirt, jacket, shoes, or trousers, in black, blue, or white. Ask them when they'd wear it and how much it costs.",""
"A1A2__Simple_Roleplay__004","Play the doctor's receptionist while the student calls to make an appointment for a cold, headache, or stomach ache, choosing a morning, afternoon, or evening slot. Ask how they feel and what they do to feel better.",""
"A1A2__Simple_Roleplay__005","Act as someone who knows the area while the student asks for directions to a supermarket, station, restaurant, or park. Have them ask where it is and how to get there, then find out whether they'd walk or take transport and how long it takes.",""
"A1A2__Simple_Roleplay__006","Play the student's friend while they ask for help moving to a new home — books, clothes, furniture, or boxes. Get them to describe part of a plan (what to move first, when, who can help), then ask why they need help and what's difficult.",""
"A1A2__Simple_Roleplay__007","Take the role of a supermarket worker while the student looks for fruit, milk, bread, or cheese. Have them ask where an item is and how much it costs, then find out what they buy every week and what they eat at home.",""
"A1A2__Simple_Roleplay__008","Play the student's friend while they plan a birthday party together — a place (home, park, or restaurant) and food (pizza, cake, or sandwiches). Ask who's coming and what time it starts.",""
"A1A2__Simple_Roleplay__009","Act as the information desk worker while the student buys a train ticket to a city, beach, or airport for the morning, afternoon, or evening. Find out who they're travelling with and how long the journey is.",""
"A1A2__Simple_Roleplay__010","Play a new neighbour meeting the student for the first time. Encourage them to introduce themselves and talk about their name, home, job or school, and hobbies, then ask what they do in their free time and how long they've lived there.",""
"A1A2__Simple_Roleplay__011","Take the role of a shop worker while the student returns an item that's the wrong size, broken, or the wrong colour, and asks for an exchange or a refund. Ask why they don't want it and what they'd like instead.",""
"A1A2__Simple_Roleplay__012","Play a restaurant worker while the student books a table for 2, 4, or 6 people at 7pm, 8pm, or 9pm. Ask what food they like and whether they need anything special.",""
"A1A2__Simple_Roleplay__013","Have the student ask you, as a friend, about weekend plans, choosing an activity — cinema, shopping, walking, or eating out — and a day, Saturday or Sunday. Find out why they want to do it and what time they'd meet.",""
"A1A2__Simple_Roleplay__014","Play hotel reception while the student calls about a problem — no hot water, a noisy room, or the wrong room — and asks for a solution. Ask what they want the hotel to do and how serious the problem is.",""
"A1A2__Simple_Roleplay__015","Play the student's friend while they talk through preparing for their first day at a new school or job — clothes, bag, transport, or schedule. Ask what they're worried about and what they need tomorrow.",""
"A1A2__Simple_Roleplay__016","Take the role of a pharmacy worker while the student explains a health problem — a cold, cough, or headache — and asks for medicine, advice, or information. Ask how they feel and what they usually do when they're sick.",""
"A1A2__Simple_Roleplay__017","Play a restaurant worker taking a delivery order while the student chooses food — pizza, burger, salad, or pasta — and a drink — water, juice, or cola. Ask what food they like and when they usually order.",""
"A1A2__Simple_Roleplay__018","Play the student's friend while they ask for help learning something new — cooking, English, sport, or technology. Ask why they want to learn it and when they'd like to start.",""
"A1A2__Simple_Roleplay__019","Act as an airport information desk worker while the student asks about their flight — finding the gate, checking the time, or finding a place — and talks about their destination, time, or a problem. Ask where they're going and who they're travelling with.",""
"A1A2__Simple_Roleplay__020","Play the student's friend while they plan a day out together — visiting a city, shopping, going to the beach, or the park — at a chosen time of day. Ask what they need to take and what they want to do first.",""
"A1A2__Choose_and_Create__001","Ask the student to create a weekend plan, choosing a place — park, city, or beach — and an activity — walking, shopping, or eating out. Have them explain what they chose and why.",""
"A1A2__Choose_and_Create__002","Invite the student to plan a day out with a friend, choosing a time, a place — museum, market, or cinema — and food — café, restaurant, or picnic. Find out their plan and why they chose it.",""
"A1A2__Choose_and_Create__003","Have the student create a birthday party plan, choosing a place, an activity — games, music, or cake — and a time. Ask them to explain their plan and why people will enjoy it.",""
"A1A2__Choose_and_Create__004","Ask the student to plan a simple school day — a first activity, lunch arrangements, and what they do after school. Have them explain their plan and why.",""
"A1A2__Choose_and_Create__005","Invite the student to create a breakfast menu for a small café, choosing food, drinks, and prices. Find out what they'd choose and why people would like it.",""
"A1A2__Choose_and_Create__006","Have the student create a menu for a birthday party, choosing food, drinks, and extras like cake or snacks. Ask them what they'd choose and why people would like it.",""
"A1A2__Choose_and_Create__007","Ask the student to design a picnic menu for a sunny day, choosing food, drinks, and extras. Have them explain what they'd pack and why it suits a picnic.",""
"A1A2__Choose_and_Create__008","Invite the student to create a lunch menu for a small restaurant, choosing a main dish, a drink, and a dessert. Find out their menu and why customers would like it.",""
"A1A2__Choose_and_Create__009","Explain that the student is going on a two-day trip. Have them choose 3 important items and 2 optional ones, then ask what they'd pack and why each item matters.",""
"A1A2__Choose_and_Create__010","Ask the student to pack a bag for one day at the beach, choosing important items and optional items. Find out what they'd take and why.",""
"A1A2__Choose_and_Create__011","Have the student prepare a bag for the first day at a new job, choosing important and optional items. Ask what they'd take and why each item helps.",""
"A1A2__Choose_and_Create__012","Explain that the student is moving to a new apartment. Ask them to choose the 3 most important things to take first and give a reason for each.",""
"A1A2__Choose_and_Create__013","Invite the student to prepare for a sports activity this weekend — football, running, or swimming — choosing important and optional items. Find out what they'd take and why.",""
"A1A2__Choose_and_Create__014","Ask the student to design a small bedroom, choosing furniture, colours, and where things go. Have them explain their design and why it's comfortable.",""
"A1A2__Choose_and_Create__015","Have the student design a study area at home, choosing furniture, equipment, and where things go. Ask them to explain their design and why it helps them study.",""
"A1A2__Choose_and_Create__016","Invite the student to design a small café, choosing tables and chairs, decoration, and music. Find out their design and why customers would like it.",""
"A1A2__Choose_and_Create__017","Ask the student to design a shop window display, choosing products to show, colours, and decoration. Have them explain their design and why it attracts customers.",""
"A1A2__Choose_and_Create__018","Present two hotels for a weekend trip — Hotel A, cheap, small, near the beach; Hotel B, expensive, big, in the city centre. Ask the student which they'd choose and why.",""
"A1A2__Choose_and_Create__019","Compare two after-school activities with the student — a sports club or an art class. Find out which they'd choose and why it's better for them.",""
"A1A2__Choose_and_Create__020","Present two phones for a friend — Phone A, cheap, small screen, good battery; Phone B, expensive, big screen, good camera. Ask the student which they'd choose and why.",""
"A1A2__Choose_and_Create__021","Compare two restaurants for a family dinner — Restaurant A, cheap and fast food; Restaurant B, expensive, quiet, slow service. Have the student choose one and explain why it suits the family.",""
"A1A2__Choose_and_Create__022","Present two ways to travel to work — Option A, bus, cheap and slow; Option B, taxi, expensive and fast. Ask the student which they'd pick and why.",""
"A1A2__Choose_and_Create__023","Ask the student to choose a birthday gift for a friend with a €20 budget, deciding on the gift, the shop, and their reason. Find out what they'd buy and why their friend will like it.",""
"A1A2__Choose_and_Create__024","Have the student plan a simple activity for a visiting family member, choosing the activity, place, and time. Ask them to explain their plan and why the person will enjoy it.",""
"A1A2__Choose_and_Create__025","Invite the student to create a small welcome plan for a new student at school, covering what to show them, what to tell them, and who helps them.",""
"A1A2__Choose_and_Create__026","Ask the student to choose a helpful item for a visitor who's new in town — a map, a phone number, or a list of places — and give a reason. Find out what they'd give and why it helps.",""
"A1A2__Choose_and_Create__027","Have the student plan a small surprise for a family member's special day, choosing an activity, food, and decoration. Ask them to explain their plan and why the person will like it.",""
"A1A2__Choose_and_Create__028","Ask the student to create a shopping list for one week of dinners, choosing 5 food items and explaining why each is needed.",""
"A1A2__Choose_and_Create__029","Invite the student to plan a simple exercise schedule for one week, choosing days, type of exercise, and time of day. Find out their schedule and why it works for them.",""
"A1A2__Choose_and_Create__030","Have the student create a simple morning routine for a busy weekday, choosing a first task, breakfast, and a last task before leaving. Ask them to explain their routine and why it saves time.",""
"A1A2__Guided_Stories__001","Ask the student to tell the story of losing their bag at the train station. Have them explain where they last had it, where they looked, and who helped them find it.",""
"A1A2__Guided_Stories__002","Invite the student to tell the story of arriving late for an important meeting. Find out why they were late, what they did, and what happened when they arrived.",""
"A1A2__Guided_Stories__003","Have the student tell the story of breaking a friend's phone by accident. Ask how it happened, what they said, and how they solved the problem.",""
"A1A2__Guided_Stories__004","Ask the student to tell the story of forgetting their homework at home on the day it's due. Find out when they noticed, what they did, and how the problem ended.",""
"A1A2__Guided_Stories__005","Invite the student to tell the story of getting a flat tyre far from home. Ask where they were, what they did, and how they got home.",""
"A1A2__Guided_Stories__006","Have the student tell the story of a busy day at work or school, covering the morning, the afternoon, and how the day ends.",""
"A1A2__Guided_Stories__007","Ask the student to tell the story of a special day, like a birthday or celebration, covering how it starts, what they do together, and how it finishes.",""
"A1A2__Guided_Stories__008","Invite the student to tell the story of a day trip to another city, covering how they travel, what they see or do, and how they return home.",""
"A1A2__Guided_Stories__009","Have the student tell the story of a day when everything goes wrong, covering what happens first, what happens next, and how the day ends.",""
"A1A2__Guided_Stories__010","Ask the student to tell the story of their first day at a new job or school. Find out how they felt arriving, what they did during the day, and how they felt at the end.",""
"A1A2__Guided_Stories__011","Have the student build a story by choosing a place — park, shop, or train station — a person — friend, stranger, or family member — and a problem — lost item, wrong direction, or no money. Ask them to create the story using their choices.",""
"A1A2__Guided_Stories__012","Invite the student to build a story by choosing a place — restaurant, airport, or school — a person — teacher, classmate, or waiter — and an activity — ordering food, catching a flight, or giving a presentation. Have them create the story using their choices.",""
"A1A2__Guided_Stories__013","Ask the student to build a story by choosing a place — their house, a friend's house, or a hotel — a person — neighbour, visitor, or delivery person — and a problem — broken object, strange noise, or unexpected visitor. Have them create the story using their choices.",""
"A1A2__Guided_Stories__014","Have the student build a story by choosing a place — supermarket, gym, or library — a person — friend, stranger, or staff member — and an activity — helping someone, finding something, or meeting someone new. Ask them to create the story using their choices.",""
"A1A2__Guided_Stories__015","Invite the student to build a story by choosing a place — city street, bus stop, or office — a person — old friend, new colleague, or lost tourist — and a problem — bad weather, wrong bus, or forgotten appointment. Have them create the story using their choices.",""
"A1A2__Guided_Stories__016","Ask the student to imagine a park on a sunny afternoon. Have them describe where they are, what they see around them, and a small event that happens next.",""
"A1A2__Guided_Stories__017","Invite the student to imagine a small shop on a quiet street. Ask them to describe where they are, the items and people in the shop, and a small event that happens next.",""
"A1A2__Guided_Stories__018","Have the student imagine a busy street in the city at rush hour. Ask them to describe where they are, the people and traffic around them, and something unexpected that happens.",""
"A1A2__Guided_Stories__019","Ask the student to imagine a cosy house on a rainy day. Have them describe where they are, the rooms and objects around them, and a small event that happens next.",""
"A1A2__Guided_Stories__020","Invite the student to imagine a train station early in the morning. Ask them to describe where they are, the people and things around them, and a small event that happens next.",""
"A1A2__Guided_Stories__021","Explain that a friend can't find their way in a new city. Ask the student who needs help, what the problem is, and how they help their friend.",""
"A1A2__Guided_Stories__022","Explain that a new student doesn't know anyone at school. Ask the student who needs help, what the problem is, and how they help them.",""
"A1A2__Guided_Stories__023","Explain that a visitor to the student's town doesn't speak the local language well. Ask who needs help, what the problem is, and how the student helps them.",""
"A1A2__Guided_Stories__024","Explain that a family member forgets an important appointment and is late and worried. Ask the student who needs help, what the problem is, and how they help them.",""
"A1A2__Guided_Stories__025","Explain that a friend's car breaks down on the way to work. Ask the student who needs help, what the problem is, and how they help them.",""
"A1A2__Guided_Stories__026","Ask the student to describe a messy room before and after cleaning — what it looked like, what changed, and what it looks like now.",""
"A1A2__Guided_Stories__027","Invite the student to describe a trip before they left and after they returned — how they felt before, what happened on the trip, and how they feel now.",""
"A1A2__Guided_Stories__028","Have the student describe learning a new skill, before and after practice — what they couldn't do, how they practised, and what they can do now.",""
"A1A2__Guided_Stories__029","Ask the student to describe a garden or park before and after a change of season — what it looked like, what happened over time, and what it looks like now.",""
"A1A2__Guided_Stories__030","Invite the student to describe their English before and after taking lessons — what they couldn't do, what they did to improve, and what they can do now.",""
"B1__Everyday_Situations__001","Ask the student to imagine they can fix only one thing in their apartment this month. Find out what they'd choose and why.",""
"B1__Everyday_Situations__002","Explore which internet plan the student would choose for their household — cheaper but slower, or faster but more expensive — and why.",""
"B1__Everyday_Situations__003","Ask the student to recommend what a friend should do about a car repair: one day but expensive, or one week but cheaper. Find out their reasoning.",""
"B1__Everyday_Situations__004","Discuss how the student would respond if a friend asked to borrow money until next month.",""
"B1__Everyday_Situations__005","Invite the student to choose between two apartments — shorter commute but higher rent, or longer commute but lower rent — and justify their decision.",""
"B1__Everyday_Situations__006","Ask the student to recommend what to do about a roommate's higher-than-expected energy bill.",""
"B1__Everyday_Situations__007","Talk about how the student would plan meals for the week on a limited budget.",""
"B1__Everyday_Situations__008","Explore how the student would compromise between the cost of a school trip and their child's wishes.",""
"B1__Everyday_Situations__009","Find out how the student would spend two days off with a long list of errands, and their priorities.",""
"B1__Everyday_Situations__010","Ask the student to decide between a faster private appointment or a free public one with a long wait for a minor health problem, and explain their reasoning.",""
"B1__Everyday_Situations__011","Discuss whether the student would fix an old washing machine or buy a new one, and why.",""
"B1__Everyday_Situations__012","Ask the student to propose a compromise to their manager after a schedule change clashes with picking up their kids from school.",""
"B1__Everyday_Situations__013","Explore what the student would recommend to a family member choosing between two doctors — one sooner but further, one closer but with a longer wait.",""
"B1__Everyday_Situations__014","Find out which monthly subscription the student would cancel, and why.",""
"B1__Everyday_Situations__015","Ask the student what they'd recommend to a friend deciding whether to attend an expensive wedding abroad.",""
"B1__Everyday_Situations__016","Invite the student to choose between two neighbourhoods when moving to a new city — one convenient but noisy, one quiet but far from work.",""
"B1__Everyday_Situations__017","Discuss how the student's team could agree on a weekly meeting time that suits everyone.",""
"B1__Everyday_Situations__018","Ask the student to compare two jobs — one paying more with a long commute, one paying less but close to home — and explain which matters more to them.",""
"B1__Everyday_Situations__019","Explore how the student's family would prioritise factors — distance, reputation, cost, facilities — when choosing between two schools.",""
"B1__Everyday_Situations__020","Find out whether the student would take a better-paid job in a different city, even if it means leaving friends and family behind.",""
"B1__Everyday_Situations__021","Ask the student how they'd manage if their internet stopped working and a technician couldn't come for five days.",""
"B1__Everyday_Situations__022","Discuss what matters most to the student in a new phone — price, reliability, or speed of getting one — and their final choice.",""
"B1__Everyday_Situations__023","Explore how the student would handle two friends asking for help moving house on the same weekend.",""
"B1__Everyday_Situations__024","Ask the student how they'd vote on installing a new elevator that raises everyone's monthly fees.",""
"B1__Everyday_Situations__025","Talk about whether the student would cook at home or eat out more, based on their schedule and budget.",""
"B1__Everyday_Situations__026","Find out what the student would do about an expensive gym membership they rarely use.",""
"B1__Everyday_Situations__027","Ask the student what they'd recommend to a neighbour choosing between two contractors — one cheaper with a longer wait, one pricier but available now.",""
"B1__Everyday_Situations__028","Discuss how the student would handle a relative wanting to stay for two weeks in their small apartment while they work from home.",""
"B1__Everyday_Situations__029","Explore whether the student would use public transport or buy a car, based on their daily needs.",""
"B1__Everyday_Situations__030","Ask the student how they'd vote on a local council choice between repairing roads or improving the park.",""
"B1__Simple_Roleplay__001","Set up a roleplay: the student booked a hotel room online but arrives to find it's occupied. Play the front desk staff and have them negotiate a solution, given they have nowhere else to stay tonight.",""
"B1__Simple_Roleplay__002","Set up a roleplay: the student's neighbour has played loud music for three nights and they have an early start tomorrow. Play the neighbour and have the student raise it and agree on a compromise.",""
"B1__Simple_Roleplay__003","Set up a roleplay: the student and a colleague both want the same week off work. Play the colleague and have them discuss reasons and reach a fair agreement.",""
"B1__Simple_Roleplay__004","Set up a roleplay: a repair shop wants to charge more than the original quote to fix the student's laptop. Play the shop and have them negotiate the price, explaining what they can realistically afford.",""
"B1__Simple_Roleplay__005","Set up a roleplay: a furniture shop sent the student a sofa in the wrong colour and claims it was their mistake. Play the shop and have them explain why they believe the error was the shop's, and what they expect done.",""
"B1__Simple_Roleplay__006","Set up a roleplay: the student's gym membership renewed automatically but they want a cheaper plan. Play the staff member and have them persuade you to make the change without a penalty fee.",""
"B1__Simple_Roleplay__007","Set up a roleplay: a friend wants to split a restaurant bill equally, but the student only ordered a small dish while the friend ordered several courses. Play the friend and have them discuss a fair way to split it.",""
"B1__Simple_Roleplay__008","Set up a roleplay: the student shares an apartment and their roommate keeps leaving dishes for days. Play the roommate and have them raise the issue and agree on a new system.",""
"B1__Simple_Roleplay__009","Set up a roleplay: the student needs to change a dentist appointment, but the only free slot clashes with an important work meeting. Play the receptionist and have them persuade you to find another solution.",""
"B1__Simple_Roleplay__010","Set up a roleplay: a delivery driver left the student's package with a neighbour without telling them, and it's now missing. Play the neighbour and have them discuss the situation and decide what to do next.",""
"B1__Simple_Roleplay__011","Set up a roleplay: the student wants a refund for a concert ticket because the event was postponed to a date they can't attend. Play the box office and have them try to convince you to help.",""
"B1__Simple_Roleplay__012","Set up a roleplay: the student and a friend are planning a weekend trip but disagree about the budget. Play the friend and have them work together to find a plan that suits both.",""
"B1__Simple_Roleplay__013","Set up a roleplay: the student's landlord wants to raise the rent, but the student feels the increase is too high given the apartment's condition. Play the landlord and have them discuss and try to reach a compromise.",""
"B1__Simple_Roleplay__014","Set up a roleplay: a colleague keeps taking credit for the student's ideas in meetings. Play the colleague and have the student calmly explain how they'd like things to change.",""
"B1__Simple_Roleplay__015","Set up a roleplay: the student wants to return a jacket that no longer fits, but has lost the receipt. Play the shop assistant and have them try to persuade you to help anyway.",""
"B1__Simple_Roleplay__016","Set up a roleplay: the student and a friend are choosing a restaurant for a group dinner but have very different budgets. Play the friend and have them find an option they can both agree on.",""
"B1__Simple_Roleplay__017","Set up a roleplay: the student's internet keeps cutting out, but the provider insists the problem is with their equipment. Play the provider and have them resolve the disagreement and agree on next steps.",""
"B1__Simple_Roleplay__018","Set up a roleplay: the student's tutor has raised their lesson price with very little notice. Play the tutor and have the student explain whether the increase feels fair and how they'd like to move forward.",""
"B1__Simple_Roleplay__019","Set up a roleplay: a mechanic recommends several repairs for the student's car, but the student suspects not all are necessary. Play the mechanic and have them persuade you to justify each recommendation.",""
"B1__Simple_Roleplay__020","Set up a roleplay: the student and a family member disagree about which venue to book for a celebration. Play the family member and have them talk it through and reach a joint decision.",""
"B1__Simple_Roleplay__021","Set up a roleplay: a shop refuses to exchange a gift bought during a sale. Play the shop assistant and have the student explain their situation and try to find a solution.",""
"B1__Simple_Roleplay__022","Set up a roleplay: the student's flight was delayed and they missed a connecting train, but airline staff say it isn't their responsibility. Play the airline staff and have them resolve the disagreement.",""
"B1__Simple_Roleplay__023","Set up a roleplay: the student wants to cancel their phone contract early, but the company wants a high cancellation fee. Play the company and have the student explain why the fee feels unfair.",""
"B1__Simple_Roleplay__024","Set up a roleplay: a colleague wants to borrow money from the student, who isn't comfortable lending the full amount. Play the colleague and have them discuss the situation honestly and agree on a solution.",""
"B1__Simple_Roleplay__025","Set up a roleplay: the student is sharing a taxi with a stranger heading a similar direction, but their destinations aren't identical. Play the stranger and have them agree on a fair route and fare split.",""
"B1__Simple_Roleplay__026","Set up a roleplay: the student's child's school wants an extra fee for a trip they feel is too expensive. Play the staff member and have the student raise their concerns.",""
"B1__Simple_Roleplay__027","Set up a roleplay: a friend cancelled plans with the student last minute for the second time. Play the friend and have the student honestly discuss how this affects the friendship.",""
"B1__Simple_Roleplay__028","Set up a roleplay: the student wants to work from home two days a week, but their manager prefers everyone in the office. Play the manager and have the student present their case and find a compromise.",""
"B1__Simple_Roleplay__029","Set up a roleplay: the student's energy bill was unexpectedly high, and they and the provider disagree about the cause. Play the provider and have them work together to reach an agreement.",""
"B1__Simple_Roleplay__030","Set up a roleplay: two neighbours disagree about who should pay for a shared fence that needs repairing. Play one neighbour and have the student discuss the situation and agree on a fair arrangement.",""
"B1__Describe__001","Ask the student to compare their kitchen at home with a friend or family member's kitchen. Find out which is more practical for cooking, and why.",""
"B1__Describe__002","Ask the student to describe their workplace or classroom. Explore whether it's well organised for getting things done, and what they'd change.",""
"B1__Describe__003","Ask the student to compare two cafés or restaurants they've been to in their neighbourhood. Find out which has a better atmosphere, and why.",""
"B1__Describe__004","Talk about how the student's local high street has changed in the last few years. Find out if it's better or worse now.",""
"B1__Describe__005","Show the student two menus from different restaurants. Find out which is easier to choose from, and why.",""
"B1__Describe__006","Ask the student to describe public transport in their city. Find out one change that would make it more convenient.",""
"B1__Describe__007","Ask the student to compare shopping at a small local shop with shopping at a large supermarket. Find out which works better for them, and why.",""
"B1__Describe__008","Ask the student to describe a park near where they live. Explore whether it's well designed for visitors, and what they'd improve.",""
"B1__Describe__009","Show the student two photos of the same room, one tidy and one messy. Find out which would help them focus more, and why.",""
"B1__Describe__010","Ask the student to describe their daily commute. Find out the biggest problem with it, and what would fix it.",""
"B1__Describe__011","Ask the student to describe their desk or workspace. Find out the three most important items for helping them work well, and why.",""
"B1__Describe__012","Talk about how the student's school or workplace has changed since they first started there. Find out if it's better or worse.",""
"B1__Describe__013","Ask the student to compare two websites that sell the same kind of product. Find out which is easier to use, and why.",""
"B1__Describe__014","Ask the student to describe a shop they visit often. Find out one thing that would make the shopping experience better.",""
"B1__Describe__015","Show the student two logos for a local business. Find out which is more memorable, and why.",""
"B1__Describe__016","Ask the student to describe the waiting area at a doctor's office, train station, or similar place. Explore whether it's comfortable for waiting, and what they'd change.",""
"B1__Describe__017","Ask the student to compare living in their current neighbourhood with another neighbourhood they know. Find out which suits them better, and why.",""
"B1__Describe__018","Talk about how a product the student owns has changed compared to an older version. Find out if the new version is an improvement.",""
"B1__Describe__019","Ask the student to describe a public park they know. Find out which feature most needs improving, and why.",""
"B1__Describe__020","Ask the student to describe the layout of a supermarket they know well. Explore whether it makes shopping efficient, and what they'd rearrange.",""
"B1__Describe__021","Show the student two photographs of the same street taken at different times of day. Find out which feels safer or more welcoming.",""
"B1__Describe__022","Ask the student to describe the customer service at a shop or restaurant they visit. Find out what works well, and what doesn't.",""
"B1__Describe__023","Ask the student to describe their home, or one they know well. Find out which room would benefit most from renovation, and why.",""
"B1__Describe__024","Talk about how the design of a website or app has changed over the years. Find out if the current version is easier to use.",""
"B1__Describe__025","Ask the student to compare two offices or classrooms they've worked or studied in. Find out which helps people concentrate more, and why.",""
"B1__Describe__026","Ask the student to describe a service they use regularly, like a gym, salon, or delivery service. Find out one improvement that would make it better.",""
"B1__Describe__027","Show the student two versions of the same product's packaging. Find out which is more effective at catching attention, and why.",""
"B1__Describe__028","Talk about how traffic or crowding has changed on a street the student knows well. Find out if it's better or worse now.",""
"B1__Describe__029","Ask the student to imagine they can only prioritise one improvement for their local public transport system. Find out what matters most, and why.",""
"B1__Describe__030","Ask the student to compare a physical shop with its online store. Find out which gives a better experience, and why.",""
"B1__Explain_and_Show__001","Ask the student to explain how to submit expense claims at their company, for a new colleague who doesn't know the process. Have them include one useful tip.",""
"B1__Explain_and_Show__002","Ask the student to explain what a friend should check before signing a lease on their first apartment, and why.",""
"B1__Explain_and_Show__003","Ask the student to explain how to use a train ticket machine to a confused tourist, and recommend the fastest option.",""
"B1__Explain_and_Show__004","Ask the student to explain, step by step, how to set up a video call for a grandparent who finds the app confusing.",""
"B1__Explain_and_Show__005","Ask the student to compare two savings account options for a friend and recommend one.",""
"B1__Explain_and_Show__006","Ask the student to explain the method for referencing sources correctly to a classmate who missed the lesson, and warn them about a common mistake.",""
"B1__Explain_and_Show__007","Ask the student to explain, step by step, how to assemble flat-pack furniture for a nervous neighbour.",""
"B1__Explain_and_Show__008","Ask the student to compare emailing versus messaging a client about an urgent issue, and recommend one for a colleague.",""
"B1__Explain_and_Show__009","Ask the student to explain the recycling rules to a friend who wants to start recycling properly, and give a tip to avoid mistakes.",""
"B1__Explain_and_Show__010","Ask the student to compare two ways to get from the airport to the city centre and recommend one for a tourist, with reasons.",""
"B1__Explain_and_Show__011","Ask the student to explain how to book a meeting room to a new employee, mentioning one thing people often forget.",""
"B1__Explain_and_Show__012","Ask the student to teach a cousin how to cook rice without a rice cooker, step by step, with one common mistake to avoid.",""
"B1__Explain_and_Show__013","Ask the student to explain the difference between two phone contracts and recommend the better one for a light user.",""
"B1__Explain_and_Show__014","Ask the student to explain how tipping works to a visitor unfamiliar with the custom, with practical advice to avoid awkwardness.",""
"B1__Explain_and_Show__015","Ask the student to explain the steps for returning an item bought online to a friend, and warn them about the deadline.",""
"B1__Explain_and_Show__016","Ask the student to explain, step by step, how to use a washing machine to a younger sibling, pointing out one common mistake.",""
"B1__Explain_and_Show__017","Ask the student to compare taking the bus versus cycling to work, and recommend the best option for a colleague.",""
"B1__Explain_and_Show__018","Ask the student to explain what's needed to apply for a first library card, for a friend who isn't sure.",""
"B1__Explain_and_Show__019","Ask the student to explain how a new tenant should report a maintenance problem to the landlord, and why reporting it clearly matters.",""
"B1__Explain_and_Show__020","Ask the student to recommend an approach for a friend who wants to become more organised, and explain why it works.",""
"B1__Explain_and_Show__021","Ask the student to explain, step by step, how to set up parental controls on a tablet for a confused parent.",""
"B1__Explain_and_Show__022","Ask the student to explain a method for packing for a long trip, for a cousin who always forgets something important.",""
"B1__Explain_and_Show__023","Ask the student to explain how the local bus payment system works to a confused tourist, with one useful tip.",""
"B1__Explain_and_Show__024","Ask the student to explain how to back up files before a computer update, for a coworker, and warn what could go wrong if skipped.",""
"B1__Explain_and_Show__025","Ask the student to explain how to start planting vegetables on a balcony for a friend, and what mistakes to avoid.",""
"B1__Explain_and_Show__026","Ask the student to explain how to register for classes online to a new student, mentioning a common problem to watch for.",""
"B1__Explain_and_Show__027","Ask the student to compare fixing an old laptop versus buying a new one for a friend, and recommend the better choice.",""
"B1__Explain_and_Show__028","Ask the student to explain the safest ways to carry money while travelling in their city, and recommend one to a visitor.",""
"B1__Explain_and_Show__029","Ask the student to explain, step by step, how a friend should prepare for their first job interview.",""
"B1__Explain_and_Show__030","Ask the student to explain two changes a neighbour could make to reduce their energy bill, and recommend the more effective one.",""
"B1__Choose_and_Create__001","Ask the student to decide what three new items a small café should add to its menu, given a limited kitchen budget, and explain why.",""
"B1__Choose_and_Create__002","Ask the student to decide how to divide a small school library space for quiet study and group work, and justify their choices.",""
"B1__Choose_and_Create__003","Ask the student to decide what furniture a family should keep when moving into a smaller apartment, keeping only half.",""
"B1__Choose_and_Create__004","Ask the student to decide how a local sports club should spend a small budget to improve its training equipment, and justify their choices.",""
"B1__Choose_and_Create__005","Ask the student to plan a workplace team lunch limited to one hour and a modest budget, and explain their decisions.",""
"B1__Choose_and_Create__006","Ask the student to design a bike parking area outside a community centre with room for only ten bikes, and explain their design choices.",""
"B1__Choose_and_Create__007","Ask the student to help a friend plan a weekend trip itinerary with only two free days and a tight budget, and explain their choices.",""
"B1__Choose_and_Create__008","Ask the student to propose a solution for a small office that keeps running out of meeting room space, using only rooms and equipment they already have.",""
"B1__Choose_and_Create__009","Ask the student to plan a neighbourhood weekend market that must fit in a small parking lot, and explain their reasoning.",""
"B1__Choose_and_Create__010","Ask the student to decide what a new after-school club should focus on, given only one hour per week, and justify their choice.",""
"B1__Choose_and_Create__011","Ask the student to decide how a family should reorganise their kitchen storage within limited cabinet space, and explain their reasoning.",""
"B1__Choose_and_Create__012","Ask the student to decide what a charity shop should display from a large donation, given very limited shelf space, and explain their choices.",""
"B1__Choose_and_Create__013","Ask the student to propose a system for organising shared files at an office where not everyone is comfortable with new technology.",""
"B1__Choose_and_Create__014","Ask the student to decide on activities for a weekend teen program at a community centre with limited staff, and explain their reasoning.",""
"B1__Choose_and_Create__015","Ask the student to decide how a small hotel could improve its breakfast service without increasing costs, and justify their choices.",""
"B1__Choose_and_Create__016","Ask the student to design a small seating area for a public square with very limited space, and explain their design choices.",""
"B1__Choose_and_Create__017","Ask the student to propose a simple solution for a community centre that keeps losing track of shared meeting room bookings, using materials they already have.",""
"B1__Choose_and_Create__018","Ask the student to organise the layout for a school science fair with a limited number of tables and rooms, and explain their reasoning.",""
"B1__Choose_and_Create__019","Ask the student to decide what their team should buy to decorate a shared workspace on a small budget, and justify their choices.",""
"B1__Choose_and_Create__020","Ask the student to decide what to prioritise when improving a small public park with a budget that only covers a few changes.",""
"B1__Choose_and_Create__021","Ask the student to propose a solution for a small delivery company struggling to cross town during rush hour, within its current budget.",""
"B1__Choose_and_Create__022","Ask the student to propose how a small restaurant could reduce food waste without changing suppliers, and justify their choices.",""
"B1__Choose_and_Create__023","Ask the student to plan a children's reading event for a local library with a limited number of volunteers, and explain their decisions.",""
"B1__Choose_and_Create__024","Ask the student to decide what to include in a child's birthday party on a strict budget, and justify their choices.",""
"B1__Choose_and_Create__025","Ask the student to decide on a new layout for a small clothing shop to improve customer flow, without expanding the space.",""
"B1__Choose_and_Create__026","Ask the student to organise a half-day training schedule for new employees, and justify their priorities.",""
"B1__Choose_and_Create__027","Ask the student to plan a park clean-up event with limited volunteers and equipment, and explain their decisions.",""
"B1__Choose_and_Create__028","Ask the student to decide how a family could improve their weekly grocery shopping to save money, without changing stores.",""
"B1__Choose_and_Create__029","Ask the student to reorganise a school sports day schedule around limited field space, and explain their reasoning.",""
"B1__Choose_and_Create__030","Ask the student to decide what a hobby club newsletter should include, given only one volunteer to produce it.",""
"B1__Guided_Stories__001","Ask the student to imagine they were supposed to pick up their younger sibling from school but got stuck in traffic and arrived 40 minutes late. Have them tell the story: what happened, what they decided to do, and why.",""
"B1__Guided_Stories__002","Ask the student to imagine they accidentally posted a private message into a public work group chat. Have them tell the story: what happened, what they decided to do, and why.",""
"B1__Guided_Stories__003","Ask the student to imagine their flight was cancelled the night before an important event. Have them tell the story: what happened, what they decided to do, and why.",""
"B1__Guided_Stories__004","Ask the student to imagine they bought a used bike online that arrived in worse condition than described. Have them tell the story: what happened, what they decided to do, and why.",""
"B1__Guided_Stories__005","Ask the student to imagine they realised the night before a big exam that they'd studied the wrong chapter. Have them tell the story: what happened, what they decided to do, and why.",""
"B1__Guided_Stories__006","Ask the student to recall a time they changed their diet suddenly for health reasons and it caused problems at first. Have them tell the story and reflect on why it turned out that way.",""
"B1__Guided_Stories__007","Ask the student to imagine a neighbour asked to borrow their car for a weekend they had plans of their own. Have them tell the story: what happened, what they decided to do, and why.",""
"B1__Guided_Stories__008","Ask the student to imagine they went to renew their ID card but were told a document was missing. Have them tell the story: what happened, what they decided to do, and why.",""
"B1__Guided_Stories__009","Ask the student to imagine they had two ways to reach an important meeting — a faster risky route or a slower reliable one. Have them tell the story: what happened, what they decided to do, and why.",""
"B1__Guided_Stories__010","Ask the student to imagine they signed up for a local sports team but found their skill level much lower than everyone else's. Have them tell the story: what happened, what they decided to do, and why.",""
"B1__Guided_Stories__011","Ask the student to imagine they were organising a neighbourhood event and two people disagreed strongly about the shared budget. Have them tell the story: what happened, what they decided to do, and why.",""
"B1__Guided_Stories__012","Ask the student to imagine they promised to help a family member move house, but got an unexpected job interview at the same time. Have them tell the story: what happened, what they decided to do, and why.",""
"B1__Guided_Stories__013","Ask the student to imagine they accidentally sent a private email to the wrong person at their company. Have them tell the story: what happened, what they decided to do, and why.",""
"B1__Guided_Stories__014","Ask the student to imagine they lost their wallet on the second day of a trip abroad. Have them tell the story: what happened, what they decided to do, and why.",""
"B1__Guided_Stories__015","Ask the student to imagine they were at the checkout and realised they didn't have enough money for everything in their basket. Have them tell the story: what happened, what they decided to do, and why.",""
"B1__Guided_Stories__016","Ask the student to imagine that during a group project, one teammate stopped doing their share close to the deadline. Have them tell the story: what happened, what they decided to do, and why.",""
"B1__Guided_Stories__017","Ask the student to imagine they noticed a colleague seemed unwell but insisted on continuing demanding physical work. Have them tell the story: what happened, what they decided to do, and why.",""
"B1__Guided_Stories__018","Ask the student to imagine they noticed water leaking from the ceiling, coming from the neighbour's flat above. Have them tell the story: what happened, what they decided to do, and why.",""
"B1__Guided_Stories__019","Ask the student to imagine they reported a broken streetlight, but nothing happened for weeks and it became dangerous. Have them tell the story: what happened, what they decided to do next, and why.",""
"B1__Guided_Stories__020","Ask the student to imagine that during a long train delay, two passengers near them argued over the last empty seat. Have them tell the story: what happened, what they decided to do, and why.",""
"B1__Guided_Stories__021","Ask the student to recall giving up a hobby a year ago because of a scheduling conflict. Have them tell the story and reflect on whether it was the right call.",""
"B1__Guided_Stories__022","Ask the student to imagine they saw an elderly neighbour struggling to carry groceries up the stairs. Have them tell the story: what happened, what they decided to do, and why.",""
"B1__Guided_Stories__023","Ask the student to imagine two family members argued right before an important family dinner they'd organised. Have them tell the story: what happened, what they decided to do, and why.",""
"B1__Guided_Stories__024","Ask the student to imagine their manager asked for an urgent task while they already had another deadline that day. Have them tell the story: what happened, what they decided to do, and why.",""
"B1__Guided_Stories__025","Ask the student to imagine they arrived at a hotel to find the room didn't match what was advertised. Have them tell the story: what happened, what they decided to do, and why.",""
"B1__Guided_Stories__026","Ask the student to imagine a cashier gave them too much change. Have them tell the story: what happened, what they decided to do, and why.",""
"B1__Guided_Stories__027","Ask the student to imagine they had a choice between completing a class assignment alone or with a partner. Have them tell the story: what happened, what they decided to do, and why.",""
"B1__Guided_Stories__028","Ask the student to imagine they forgot to take an important medication before a long day of work. Have them tell the story: what happened, what they decided to do, and why.",""
"B1__Guided_Stories__029","Ask the student to imagine they accidentally damaged a neighbour's fence while parking. Have them tell the story: what happened, what they decided to do, and why.",""
"B1__Guided_Stories__030","Ask the student to imagine they noticed their workplace throwing away large amounts of recyclable material every day. Have them tell the story: what happened, what they decided to do, and why.",""
"B2+__Everyday_Situations__001","Ask the student to imagine their neighbor's dog barks loudly most evenings, probably because it's left alone too long. Find out how they'd raise this without damaging the relationship.",""
"B2+__Everyday_Situations__002","Talk about a situation where the student shares an apartment with a roommate, and chores have become unevenly split, with the student doing more. Ask them to design a fairer system going forward.",""
"B2+__Everyday_Situations__003","Explore a scenario where a friend of the student's has tried to start exercising regularly three times this year and quit each time within a month. Ask the student what advice they'd give.",""
"B2+__Everyday_Situations__004","Discuss a situation where the student has noticed their child, or a younger relative, spends most of their free time on their phone instead of other activities. Find out how they'd address it without starting a fight.",""
"B2+__Everyday_Situations__005","Invite the student to imagine a close friend has asked them to stop posting photos of them on social media without asking first. Find out how they'd respond, even if they think the friend is overreacting slightly.",""
"B2+__Everyday_Situations__006","Explore a scenario where the student's local council has a small budget and must choose one improvement for the neighborhood park — new lighting, better play equipment, or more benches. Ask the student to decide.",""
"B2+__Everyday_Situations__007","Encourage the student to imagine they bought a kitchen appliance that broke after two weeks, and the store's return policy is unclear about whether it covers this. Find out how they'd handle getting it resolved.",""
"B2+__Everyday_Situations__008","Talk about a situation where the student is hosting a dinner for a few friends and has just remembered one of them has a dietary restriction they don't know the details of — and it's too late to ask.",""
"B2+__Everyday_Situations__009","Ask the student to imagine they're considering adopting a dog, but live in a small apartment and work long hours some days. Find out whether they think it's a good idea right now.",""
"B2+__Everyday_Situations__010","Explore a situation where two things the student cares about are scheduled at the same time next weekend — a close friend's birthday and a family gathering they rarely get to attend.",""
"B2+__Everyday_Situations__011","Discuss a scenario where a friend of the student's is consistently 20-30 minutes late whenever they meet, and it's starting to bother the student. Find out how they'd keep the friendship strong.",""
"B2+__Everyday_Situations__012","Ask the student to imagine their apartment building wants to start a recycling program, but residents have very different habits and some are resistant. Ask them to propose how it should work.",""
"B2+__Everyday_Situations__013","Talk about a situation where the student's parent lives alone and increasingly forgets small things, like turning off the stove. Find out whether the student thinks it's a serious issue or normal aging.",""
"B2+__Everyday_Situations__014","Encourage the student to imagine they've noticed they check their phone the moment they wake up and often lose an hour without realizing it. Find out how they'd change this.",""
"B2+__Everyday_Situations__015","Explore a scenario where, at a town meeting, some residents want a strict quiet hours rule after 9pm, while others feel it's excessive for a lively neighborhood. Ask the student for their view.",""
"B2+__Everyday_Situations__016","Discuss a situation where a friend of the student's has seemed stressed and withdrawn lately, but hasn't said anything is wrong. Find out how, or whether, the student would bring it up.",""
"B2+__Everyday_Situations__017","Ask the student to imagine there's a small leak under their kitchen sink. Find out whether they'd try fixing it themselves or wait for the landlord, who is usually slow to respond.",""
"B2+__Everyday_Situations__018","Talk about a situation where the student is organizing a weekend trip with friends who have very different ideas about pace — some want a packed schedule, others want to relax.",""
"B2+__Everyday_Situations__019","Invite the student to imagine they want to pick up a new hobby, but only have a few hours a week free, and several options are competing for their attention.",""
"B2+__Everyday_Situations__020","Explore a scenario where the student and their sibling disagree about how to divide responsibility for caring for an aging parent, and it's starting to cause tension.",""
"B2+__Everyday_Situations__021","Discuss a situation where a family member of the student's keeps sharing news articles online that the student is fairly sure are inaccurate or misleading. Find out how they'd say something without causing a family conflict.",""
"B2+__Everyday_Situations__022","Ask the student to imagine they've been offered a small amount of freelance work on the side, but it would mean giving up their one evening a week of downtime, which they protect carefully. Find out whether they think it's worth it.",""
"B2+__Everyday_Situations__023","Talk about a situation where the student reads two news articles about the same local event that describe it quite differently. Find out how they'd figure out what actually happened.",""
"B2+__Everyday_Situations__024","Encourage the student to imagine they've realized they procrastinate on tasks they actually care about, not just boring ones, and it's starting to frustrate them.",""
"B2+__Everyday_Situations__025","Explore a scenario where package theft has increased in the student's neighborhood recently, and neighbors are discussing possible solutions, from cameras to a shared delivery locker.",""
"B2+__Everyday_Situations__026","Ask the student to imagine they're trying to decide whether to repair an old but sentimental piece of furniture or replace it with something more practical.",""
"B2+__Everyday_Situations__027","Discuss a situation where a close friend of the student's just went through a breakup, and the student isn't sure whether they want advice, distraction, or just someone to listen.",""
"B2+__Everyday_Situations__028","Talk about a situation where the student is decluttering a shared living space, but a family member wants to keep several items the student thinks are unnecessary.",""
"B2+__Everyday_Situations__029","Explore a scenario where three generations live in the same house as the student, and everyone has different routines around meal times, noise, and shared spaces, causing friction.",""
"B2+__Everyday_Situations__030","Invite the student to imagine a friend has a habit — interrupting, canceling plans last-minute, something similar — that's been quietly bothering them for months. Find out whether they'd say something or let it go.",""
"B2+__Simple_Roleplay__001","Ask the student to roleplay raising the issue of a neighbour who keeps parking in their usual spot, even though it's not officially assigned to anyone.",""
"B2+__Simple_Roleplay__002","Invite the student to roleplay a conversation with a close friend who wants them to invest in a business idea they have doubts about.",""
"B2+__Simple_Roleplay__003","Explore a roleplay where the student has a private conversation with a colleague who took credit for their idea in a meeting.",""
"B2+__Simple_Roleplay__004","Ask the student to roleplay returning a piece of furniture that broke after normal use, without a receipt, to a store manager.",""
"B2+__Simple_Roleplay__005","Talk through a roleplay where the student helps their teenage nephew think through convincing his parents to let him take a gap year.",""
"B2+__Simple_Roleplay__006","Discuss a roleplay negotiation where the student, as a landlord, responds to a tenant asking for a rent reduction because of ongoing construction noise.",""
"B2+__Simple_Roleplay__007","Ask the student to roleplay setting a boundary with a roommate who has started inviting people over late at night without asking first.",""
"B2+__Simple_Roleplay__008","Invite the student to roleplay deciding how to respond when a close friend asks to borrow a significant amount of money for the second time.",""
"B2+__Simple_Roleplay__009","Explore a roleplay where the student, as a travel agent, tries to convince a client to choose a less obvious destination than the one they originally wanted.",""
"B2+__Simple_Roleplay__010","Ask the student to roleplay bringing up their concern that an adult sibling skipping family gatherings is hurting their parents' feelings.",""
"B2+__Simple_Roleplay__011","Discuss a roleplay where the student handles a client's complaint about a service that was delivered on time but wasn't what they expected.",""
"B2+__Simple_Roleplay__012","Ask the student to roleplay convincing an older relative to finally start using a smartphone for video calls.",""
"B2+__Simple_Roleplay__013","Invite the student to roleplay mediating a falling-out between two friends, after being asked by one of them to talk to the other.",""
"B2+__Simple_Roleplay__014","Explore a roleplay negotiation where the student is booking a package holiday and the travel agent's offer doesn't quite match what they need.",""
"B2+__Simple_Roleplay__015","Ask the student to roleplay convincing their partner to try a completely different type of holiday than they usually take.",""
"B2+__Simple_Roleplay__016","Discuss a roleplay where the student, as a tutor, responds to a student who asks for a better grade than they earned, arguing they tried hard.",""
"B2+__Simple_Roleplay__017","Talk through a roleplay negotiation where the student discusses a contractor who wants to charge more than originally agreed, citing unexpected complications.",""
"B2+__Simple_Roleplay__018","Ask the student to roleplay finally bringing up a friend's habit of cancelling plans at the last minute.",""
"B2+__Simple_Roleplay__019","Invite the student to roleplay convincing a stubborn family member to see a doctor about a health issue they keep dismissing.",""
"B2+__Simple_Roleplay__020","Explore a roleplay where the student corrects a new employee who keeps doing a task in a way that used to work but no longer fits the current process.",""
"B2+__Simple_Roleplay__021","Ask the student to roleplay negotiating with their manager to work from home two extra days a week, despite the company generally discouraging it.",""
"B2+__Simple_Roleplay__022","Discuss a roleplay where the student mediates an ongoing dispute between two colleagues over how to split a shared project.",""
"B2+__Simple_Roleplay__023","Ask the student to roleplay responding honestly when a friend asks for their opinion on a big life decision they privately disagree with.",""
"B2+__Simple_Roleplay__024","Talk through a roleplay negotiation where the student and a housemate discuss who takes on more shared chores, since their schedules have changed.",""
"B2+__Simple_Roleplay__025","Invite the student to roleplay responding to a colleague who wants their help covering up a small mistake at work.",""
"B2+__Simple_Roleplay__026","Explore a roleplay where the student makes their case to a university housing officer who suggests moving them, rather than their roommate, to resolve a conflict.",""
"B2+__Simple_Roleplay__027","Ask the student to roleplay holding their ground with a close friend who keeps asking to stay at their place for extended periods.",""
"B2+__Simple_Roleplay__028","Discuss a roleplay where the student explains to a friend why they weren't invited to something.",""
"B2+__Simple_Roleplay__029","Ask the student to roleplay convincing a group of friends to change a long-standing tradition that no longer works well for everyone.",""
"B2+__Simple_Roleplay__030","Invite the student to roleplay responding to a close friend who confides they're thinking of ending a long relationship and asks what the student honestly thinks.",""
"B2+__Describe__001","Ask the student to describe someone they know who is very good at handling stressful situations calmly.",""
"B2+__Describe__002","Ask the student to describe the neighbourhood or area where they grew up.",""
"B2+__Describe__003","Talk about an object in the student's home that they'd genuinely be upset to lose.",""
"B2+__Describe__004","Explore how the student's eating habits have changed since they were a teenager.",""
"B2+__Describe__005","Ask the student to describe a piece of technology that annoys them every time they use it.",""
"B2+__Describe__006","Discuss the atmosphere of a place the student goes to relax.",""
"B2+__Describe__007","Explore how the student's city or town changes between day and night.",""
"B2+__Describe__008","Ask the student to describe a skill they have that most people don't realize takes real effort.",""
"B2+__Describe__009","Talk about the way a close friend or family member of the student's expresses affection.",""
"B2+__Describe__010","Ask the student to describe a meal that reminds them of a specific period in their life.",""
"B2+__Describe__011","Find out how weather affects the student's mood or productivity.",""
"B2+__Describe__012","Discuss the personality of someone the student finds difficult to work or study with.",""
"B2+__Describe__013","Invite the student to describe a habit they have that other people find strange.",""
"B2+__Describe__014","Explore how the student's taste in music or films has evolved over the years.",""
"B2+__Describe__015","Ask the student to describe a public space — a park, square, or station — that works surprisingly well for the people who use it.",""
"B2+__Describe__016","Discuss how communication styles differ between the student's closest colleagues or classmates at work or in study.",""
"B2+__Describe__017","Ask the student to describe a piece of clothing or accessory that says something about who they are.",""
"B2+__Describe__018","Explore how a family tradition has changed across generations in the student's family.",""
"B2+__Describe__019","Talk about someone whose sense of humour the student finds genuinely funny.",""
"B2+__Describe__020","Find out how the student's energy levels shift throughout a typical day.",""
"B2+__Describe__021","Discuss how the student typically makes decisions under time pressure at work or when studying.",""
"B2+__Describe__022","Explore how noise or silence affects the way the student thinks or works.",""
"B2+__Describe__023","Ask the student to describe a place that felt completely different the second time they visited it.",""
"B2+__Describe__024","Invite the student to describe a moment when they clearly noticed they were more tired or run-down than usual.",""
"B2+__Describe__025","Explore how the student's relationship with money has changed as they've gotten older.",""
"B2+__Describe__026","Ask the student to describe a smell or sound that instantly takes them back to a particular time in their life.",""
"B2+__Describe__027","Discuss how two people the student knows handle the same type of stress in very different ways.",""
"B2+__Describe__028","Talk about a routine the student follows that other people would probably find boring.",""
"B2+__Describe__029","Explore how travelling somewhere new has changed the way the student plans a trip now, compared to their first ever trip alone.",""
"B2+__Describe__030","Ask the student to describe a first impression they had of someone that turned out to be completely wrong.",""
"B2+__Explain_and_Show__001","Ask the student to explain to someone who has never used public transport in a big city how to figure out which bus or train to take to get somewhere unfamiliar.",""
"B2+__Explain_and_Show__002","Encourage the student to explain how they'd help a friend who wants to start cooking for themselves but feels intimidated by the kitchen get comfortable with basic cooking.",""
"B2+__Explain_and_Show__003","Invite the student to show a younger family member how to tell if a piece of information online is trustworthy or not.",""
"B2+__Explain_and_Show__004","Ask the student to explain how to negotiate a lower price when buying something secondhand, like a car or furniture.",""
"B2+__Explain_and_Show__005","Explore how the student would help a colleague who is nervous about giving their first presentation at work prepare for it.",""
"B2+__Explain_and_Show__006","Ask the student to explain how to read a room during a conversation and tell whether someone is genuinely interested or just being polite.",""
"B2+__Explain_and_Show__007","Invite the student to show someone how to plan a trip on a tight budget without feeling like they're missing out.",""
"B2+__Explain_and_Show__008","Ask the student to explain to a teenager how compound interest works and why starting to save early matters.",""
"B2+__Explain_and_Show__009","Find out how the student would help a friend who keeps overwatering or underwatering their houseplants figure out what a plant actually needs.",""
"B2+__Explain_and_Show__010","Explore how the student would defuse a tense moment when two people are arguing at a family gathering.",""
"B2+__Explain_and_Show__011","Invite the student to show someone how to organize their week when they have too many tasks and not enough time.",""
"B2+__Explain_and_Show__012","Ask the student to explain to a visitor from another country an unwritten social rule in their culture that often confuses outsiders.",""
"B2+__Explain_and_Show__013","Encourage the student to explain how they'd help a friend figure out why their phone or laptop is running slowly.",""
"B2+__Explain_and_Show__014","Ask the student to explain how to comfort a friend who is upset without making them feel like you're trying to fix everything immediately.",""
"B2+__Explain_and_Show__015","Invite the student to show someone how to choose good produce at a market or grocery store — what to look and feel for.",""
"B2+__Explain_and_Show__016","Discuss how the student would explain to a new colleague or classmate how to adapt their communication style depending on who they're talking to.",""
"B2+__Explain_and_Show__017","Encourage the student to explain how they'd help a friend who wants to get fitter but has failed at gym memberships before build a routine that actually sticks.",""
"B2+__Explain_and_Show__018","Ask the student to explain how to spot when an online deal or advertisement is too good to be true.",""
"B2+__Explain_and_Show__019","Invite the student to show someone how to fold a fitted sheet, or another everyday task that looks harder than it is.",""
"B2+__Explain_and_Show__020","Ask the student to explain to a child why it's important to apologise properly, and what makes an apology feel genuine versus empty.",""
"B2+__Explain_and_Show__021","Explore how the student would coach someone on making good decisions quickly when they're under time pressure at work or while studying.",""
"B2+__Explain_and_Show__022","Ask the student to explain how to tell if a used item, like a phone or a bike, is actually in good condition before buying it.",""
"B2+__Explain_and_Show__023","Invite the student to show someone unfamiliar with recycling rules how to figure out what can and can't be recycled in general.",""
"B2+__Explain_and_Show__024","Ask the student to explain how to recognise the early warning signs that someone is more tired or run-down than they realise.",""
"B2+__Explain_and_Show__025","Encourage the student to explain how they'd help a friend who keeps missing deadlines estimate time more realistically.",""
"B2+__Explain_and_Show__026","Ask the student to explain how to politely decline an invitation without damaging the relationship.",""
"B2+__Explain_and_Show__027","Invite the student to show someone how to take care of a small cut or minor injury safely at home.",""
"B2+__Explain_and_Show__028","Discuss how the student would choose between two similar job offers when the salary is almost the same.",""
"B2+__Explain_and_Show__029","Ask the student to teach someone planning their first solo trip how to prepare in ways a first-timer usually wouldn't think of.",""
"B2+__Explain_and_Show__030","Explore how the student would teach someone to give and receive constructive feedback without either person feeling defensive.",""
"B2+__Choose_and_Create__001","Ask the student to redesign a public park that nobody uses anymore, deciding what to remove, what to keep, and what to add.",""
"B2+__Choose_and_Create__002","Invite the student to invent a new rule for their workplace or school that would actually improve daily life there.",""
"B2+__Choose_and_Create__003","Ask the student to design a morning routine for someone who is chronically late to everything.",""
"B2+__Choose_and_Create__004","Encourage the student to create a new tradition for their family or friend group.",""
"B2+__Choose_and_Create__005","Ask the student to choose three items to put in a time capsule that represents life today.",""
"B2+__Choose_and_Create__006","Invite the student to invent a fairer way to split household chores between people who have very different schedules.",""
"B2+__Choose_and_Create__007","Ask the student to design a farewell event for a colleague who dislikes attention.",""
"B2+__Choose_and_Create__008","Encourage the student to create a plan to convince a stubborn friend to try something new.",""
"B2+__Choose_and_Create__009","Ask the student to design a small business that solves a problem in their neighbourhood.",""
"B2+__Choose_and_Create__010","Explore how the student would choose between three ways to spend an unexpected day off.",""
"B2+__Choose_and_Create__011","Invite the student to invent a new way to welcome new employees that avoids the usual awkward introductions.",""
"B2+__Choose_and_Create__012","Ask the student to imagine they have one free afternoon to reduce food waste in their household for good, but can only take one action: a shopping change, a storage change, or a cooking-habit change.",""
"B2+__Choose_and_Create__013","Ask the student to design a weekend trip structure that lets group members with very different budgets and energy levels each get what they need.",""
"B2+__Choose_and_Create__014","Explore how the student would choose which of three friends to ask for a favour that requires trust.",""
"B2+__Choose_and_Create__015","Invite the student to invent a fair method for choosing who gets the last seat on a fully booked group trip.",""
"B2+__Choose_and_Create__016","Ask the student to design an ideal waiting room for a place people usually dread visiting.",""
"B2+__Choose_and_Create__017","Encourage the student to create a plan to help a shy person make more friends in a new city.",""
"B2+__Choose_and_Create__018","Discuss how the student would choose to spend a small unexpected windfall between saving, spending, and giving.",""
"B2+__Choose_and_Create__019","Invite the student to invent a new format for team meetings that people won't dread attending.",""
"B2+__Choose_and_Create__020","Ask the student to design a system for resolving noise complaints between neighbours without involving authorities.",""
"B2+__Choose_and_Create__021","Ask the student to design a surprise for someone who says they hate surprises, built around three elements: how they find out, where it happens, and what makes it feel personal.",""
"B2+__Choose_and_Create__022","Encourage the student to create a plan to repurpose an unused room in a house.",""
"B2+__Choose_and_Create__023","Ask the student to redesign how a long queue works, choosing from three possible approaches: a numbered ticket system, a mobile app that lets people wait elsewhere, or entertainment placed along the line.",""
"B2+__Choose_and_Create__024","Ask the student to design a mentorship pairing system for new and experienced staff.",""
"B2+__Choose_and_Create__025","Explore which three skills the student thinks someone should learn to become more self-sufficient at home.",""
"B2+__Choose_and_Create__026","Encourage the student to create a plan to revive a friendship that has quietly faded over the years.",""
"B2+__Choose_and_Create__027","Ask the student to design a feature for an app that helps people stick to small daily habits.",""
"B2+__Choose_and_Create__028","Ask the student to design a fairer way to divide an inheritance of sentimental objects with no clear monetary value.",""
"B2+__Choose_and_Create__029","Discuss how the student would choose one habit to eliminate and one to build, given limited willpower.",""
"B2+__Choose_and_Create__030","Encourage the student to create a plan for a community skill-share event where neighbours teach each other things.",""
"B2+__Guided_Stories__001","Ask the student to tell a story about a time a stranger's small act of kindness changed the direction of their day.",""
"B2+__Guided_Stories__002","Invite the student to tell a story about a trip that went completely differently than planned.",""
"B2+__Guided_Stories__003","Ask the student to tell a story about a misunderstanding between them and a friend or colleague that escalated before it was resolved.",""
"B2+__Guided_Stories__004","Encourage the student to tell a story about a time they had to make a difficult decision with very little time to think.",""
"B2+__Guided_Stories__005","Ask the student to tell a story about a message, call, or video online that led to a real, unexpected event in their life.",""
"B2+__Guided_Stories__006","Invite the student to tell a story about a family member whose actions they completely misunderstood at the time.",""
"B2+__Guided_Stories__007","Ask the student to tell a story about a coincidence so unlikely that people didn't believe them when they told it.",""
"B2+__Guided_Stories__008","Encourage the student to tell a story about a small problem at work or school that got worse because of what they did next, and worse again after that.",""
"B2+__Guided_Stories__009","Ask the student to tell a story about a long trip or period of travel that led to one specific moment they still remember clearly.",""
"B2+__Guided_Stories__010","Explore a story the student can tell about a moment when they had to choose between honesty and loyalty.",""
"B2+__Guided_Stories__011","Invite the student to tell a story about an argument that ended in an outcome nobody expected.",""
"B2+__Guided_Stories__012","Ask the student to tell a story about a time they helped a stranger and later discovered something surprising about them.",""
"B2+__Guided_Stories__013","Encourage the student to tell a story about a competition or challenge where the result surprised everyone, including them.",""
"B2+__Guided_Stories__014","Ask the student to tell a story about a plan involving money or a possession that they gave up on, then picked up again later.",""
"B2+__Guided_Stories__015","Invite the student to tell a story about a time a small lie grew into a bigger problem.",""
"B2+__Guided_Stories__016","Ask the student to tell a story about a person they initially disliked who they later came to respect.",""
"B2+__Guided_Stories__017","Encourage the student to tell a story about a local event or piece of community news, and separately, something happening in their own life at the same time, until the two came together.",""
"B2+__Guided_Stories__018","Ask the student to tell a story about a time they had to trust someone they barely knew.",""
"B2+__Guided_Stories__019","Invite the student to tell a story about a piece of advice they ignored, and what happened as a result.",""
"B2+__Guided_Stories__020","Ask the student to tell a story about a time two separate events in their life turned out to be connected.",""
"B2+__Guided_Stories__021","Explore a story the student can tell about a moment when they realized they had misjudged a situation completely.",""
"B2+__Guided_Stories__022","Invite the student to tell a story about an unusual encounter with someone from a very different background than theirs.",""
"B2+__Guided_Stories__023","Ask the student to tell a story about a time they had to give up something important to gain something else.",""
"B2+__Guided_Stories__024","Encourage the student to tell a story about a celebration or event that was ruined, then unexpectedly saved.",""
"B2+__Guided_Stories__025","Ask the student to tell a story about a time they discovered a secret that changed how they saw someone.",""
"B2+__Guided_Stories__026","Invite the student to tell a story about a mistake at work or school that turned into an unexpected opportunity.",""
"B2+__Guided_Stories__027","Ask the student to tell a story about a time they had to choose between two people they cared about.",""
"B2+__Guided_Stories__028","Encourage the student to tell a story about an old friendship that ended, then unexpectedly started again years later.",""
"B2+__Guided_Stories__029","Ask the student to tell a story about a time they stood up for someone even though it cost them something.",""
"B2+__Guided_Stories__030","Invite the student to tell a story about a journey (real or figurative) where the destination turned out to matter less than what happened along the way.",""
